,Open,High,Low,Close
2025-07-23 03:00:00+00:00,1.2658494295595437,1.2658494295595437,1.2658494295595437,1.2658494295595437
2025-07-23 04:00:00+00:00,1.2458949509188122,1.2458949509188122,1.2458949509188122,1.2458949509188122
2025-07-23 05:00:00+00:00,1.2665485684429103,1.2665485684429103,1.2665485684429103,1.2665485684429103
2025-07-23 06:00:00+00:00,1.278477012693741,1.278477012693741,1.278477012693741,1.278477012693741
2025-07-23 07:00:00+00:00,1.284234167841752,1.284234167841752,1.284234167841752,1.284234167841752
2025-07-23 08:00:00+00:00,1.2709876752504048,1.2709876752504048,1.2709876752504048,1.2709876752504048
2025-07-23 09:00:00+00:00,1.2938414285098288,1.2938414285098288,1.2938414285098288,1.2938414285098288
2025-07-23 10:00:00+00:00,1.259594548568853,1.259594548568853,1.259594548568853,1.259594548568853
2025-07-23 11:00:00+00:00,1.2441261784439939,1.2441261784439939,1.2441261784439939,1.2441261784439939
2025-07-23 12:00:00+00:00,1.2386042381642643,1.2386042381642643,1.2386042381642643,1.2386042381642643
2025-07-23 13:00:00+00:00,1.2190702695608182,1.2190702695608182,1.2190702695608182,1.2190702695608182
2025-07-23 14:00:00+00:00,1.1772350937435576,1.1772350937435576,1.1772350937435576,1.1772350937435576
2025-07-23 15:00:00+00:00,1.1909155051620037,1.1909155051620037,1.1909155051620037,1.1909155051620037
2025-07-23 16:00:00+00:00,1.2100415494408898,1.2100415494408898,1.2100415494408898,1.2100415494408898
2025-07-23 17:00:00+00:00,1.1766668643958251,1.1766668643958251,1.1766668643958251,1.1766668643958251
2025-07-23 18:00:00+00:00,1.173266302677887,1.173266302677887,1.173266302677887,1.173266302677887
2025-07-23 19:00:00+00:00,1.1740058499025163,1.1740058499025163,1.1740058499025163,1.1740058499025163
2025-07-23 20:00:00+00:00,1.1621696225912836,1.1621696225912836,1.1621696225912836,1.1621696225912836
2025-07-23 21:00:00+00:00,1.1352645489630582,1.1352645489630582,1.1352645489630582,1.1352645489630582
2025-07-23 22:00:00+00:00,1.1202078621032807,1.1202078621032807,1.1202078621032807,1.1202078621032807
2025-07-23 23:00:00+00:00,1.1434345225131883,1.1434345225131883,1.1434345225131883,1.1434345225131883
2025-07-24 00:00:00+00:00,1.158403710034709,1.158403710034709,1.158403710034709,1.158403710034709
2025-07-24 01:00:00+00:00,1.1603783412622009,1.1603783412622009,1.1603783412622009,1.1603783412622009
2025-07-24 02:00:00+00:00,1.1629201795865438,1.1629201795865438,1.1629201795865438,1.1629201795865438
2025-07-24 03:00:00+00:00,1.1673520060575446,1.1673520060575446,1.1673520060575446,1.1673520060575446
2025-07-24 04:00:00+00:00,1.1645077405409439,1.1645077405409439,1.1645077405409439,1.1645077405409439
2025-07-24 05:00:00+00:00,1.134312020081273,1.134312020081273,1.134312020081273,1.134312020081273
2025-07-24 06:00:00+00:00,1.086224195816182,1.086224195816182,1.086224195816182,1.086224195816182
2025-07-24 07:00:00+00:00,1.0405372220943216,1.0405372220943216,1.0405372220943216,1.0405372220943216
2025-07-24 08:00:00+00:00,1.0714156653535838,1.0714156653535838,1.0714156653535838,1.0714156653535838
2025-07-24 09:00:00+00:00,1.085047992305939,1.085047992305939,1.085047992305939,1.085047992305939
2025-07-24 10:00:00+00:00,1.0776642376044345,1.0776642376044345,1.0776642376044345,1.0776642376044345
2025-07-24 11:00:00+00:00,1.077582077723191,1.077582077723191,1.077582077723191,1.077582077723191
2025-07-24 12:00:00+00:00,1.094322835449869,1.094322835449869,1.094322835449869,1.094322835449869
2025-07-24 13:00:00+00:00,1.0583201915717815,1.0583201915717815,1.0583201915717815,1.0583201915717815
2025-07-24 14:00:00+00:00,1.0550473358203936,1.0550473358203936,1.0550473358203936,1.0550473358203936
2025-07-24 15:00:00+00:00,1.0925210142014505,1.0925210142014505,1.0925210142014505,1.0925210142014505
2025-07-24 16:00:00+00:00,1.0928638547743452,1.0928638547743452,1.0928638547743452,1.0928638547743452
2025-07-24 17:00:00+00:00,1.0612033365462066,1.0612033365462066,1.0612033365462066,1.0612033365462066
2025-07-24 18:00:00+00:00,1.0867606375106746,1.0867606375106746,1.0867606375106746,1.0867606375106746
2025-07-24 19:00:00+00:00,1.084876643609983,1.084876643609983,1.084876643609983,1.084876643609983
2025-07-24 20:00:00+00:00,1.0740235668568252,1.0740235668568252,1.0740235668568252,1.0740235668568252
2025-07-24 21:00:00+00:00,1.0809443196979804,1.0809443196979804,1.0809443196979804,1.0809443196979804
2025-07-24 22:00:00+00:00,1.062131574552603,1.062131574552603,1.062131574552603,1.062131574552603
2025-07-24 23:00:00+00:00,1.0608301174325012,1.0608301174325012,1.0608301174325012,1.0608301174325012
2025-07-25 00:00:00+00:00,1.0289163358243034,1.0289163358243034,1.0289163358243034,1.0289163358243034
2025-07-25 01:00:00+00:00,1.0248657624408246,1.0248657624408246,1.0248657624408246,1.0248657624408246
2025-07-25 02:00:00+00:00,1.0259749211817297,1.0259749211817297,1.0259749211817297,1.0259749211817297
2025-07-25 03:00:00+00:00,1.010597959125557,1.010597959125557,1.010597959125557,1.010597959125557
2025-07-25 04:00:00+00:00,1.0158537502257385,1.0158537502257385,1.0158537502257385,1.0158537502257385
2025-07-25 05:00:00+00:00,1.0245624698623146,1.0245624698623146,1.0245624698623146,1.0245624698623146
2025-07-25 06:00:00+00:00,1.0102561688799523,1.0102561688799523,1.0102561688799523,1.0102561688799523
2025-07-25 07:00:00+00:00,1.026517846234184,1.026517846234184,1.026517846234184,1.026517846234184
2025-07-25 08:00:00+00:00,1.0346379590896766,1.0346379590896766,1.0346379590896766,1.0346379590896766
2025-07-25 09:00:00+00:00,1.0431685900447727,1.0431685900447727,1.0431685900447727,1.0431685900447727
2025-07-25 10:00:00+00:00,1.0518777264051289,1.0518777264051289,1.0518777264051289,1.0518777264051289
2025-07-25 11:00:00+00:00,1.06699862624219,1.06699862624219,1.06699862624219,1.06699862624219
2025-07-25 12:00:00+00:00,1.05637544252994,1.05637544252994,1.05637544252994,1.05637544252994
2025-07-25 13:00:00+00:00,1.057486547376818,1.057486547376818,1.057486547376818,1.057486547376818
2025-07-25 14:00:00+00:00,1.0528287544769013,1.0528287544769013,1.0528287544769013,1.0528287544769013
2025-07-25 15:00:00+00:00,1.0163209194102887,1.0163209194102887,1.0163209194102887,1.0163209194102887
2025-07-25 16:00:00+00:00,1.0165191246176164,1.0165191246176164,1.0165191246176164,1.0165191246176164
2025-07-25 17:00:00+00:00,1.0310490747038914,1.0310490747038914,1.0310490747038914,1.0310490747038914
2025-07-25 18:00:00+00:00,1.0274256856583182,1.0274256856583182,1.0274256856583182,1.0274256856583182
2025-07-25 19:00:00+00:00,1.0272649920962778,1.0272649920962778,1.0272649920962778,1.0272649920962778
2025-07-25 20:00:00+00:00,1.033104425952433,1.033104425952433,1.033104425952433,1.033104425952433
2025-07-25 21:00:00+00:00,1.0550870155138972,1.0550870155138972,1.0550870155138972,1.0550870155138972
2025-07-25 22:00:00+00:00,1.0703312135377203,1.0703312135377203,1.0703312135377203,1.0703312135377203
2025-07-25 23:00:00+00:00,1.0721838916522124,1.0721838916522124,1.0721838916522124,1.0721838916522124
2025-07-26 00:00:00+00:00,1.072534418768549,1.072534418768549,1.072534418768549,1.072534418768549
2025-07-26 01:00:00+00:00,1.0715810547490112,1.0715810547490112,1.0715810547490112,1.0715810547490112
2025-07-26 02:00:00+00:00,1.0613275312303505,1.0613275312303505,1.0613275312303505,1.0613275312303505
2025-07-26 03:00:00+00:00,1.074498158368941,1.074498158368941,1.074498158368941,1.074498158368941
2025-07-26 04:00:00+00:00,1.0721269530290962,1.0721269530290962,1.0721269530290962,1.0721269530290962
2025-07-26 05:00:00+00:00,1.0701827067887124,1.0701827067887124,1.0701827067887124,1.0701827067887124
2025-07-26 06:00:00+00:00,1.0715995042218356,1.0715995042218356,1.0715995042218356,1.0715995042218356
2025-07-26 07:00:00+00:00,1.0643970141585686,1.0643970141585686,1.0643970141585686,1.0643970141585686
2025-07-26 08:00:00+00:00,1.0687635667873654,1.0687635667873654,1.0687635667873654,1.0687635667873654
2025-07-26 09:00:00+00:00,1.0816153155320183,1.0816153155320183,1.0816153155320183,1.0816153155320183
2025-07-26 10:00:00+00:00,1.0801067850018267,1.0801067850018267,1.0801067850018267,1.0801067850018267
2025-07-26 11:00:00+00:00,1.082656436895696,1.082656436895696,1.082656436895696,1.082656436895696
2025-07-26 12:00:00+00:00,1.07528072422298,1.07528072422298,1.07528072422298,1.07528072422298
2025-07-26 13:00:00+00:00,1.0761932592732784,1.0761932592732784,1.0761932592732784,1.0761932592732784
2025-07-26 14:00:00+00:00,1.0824347839072717,1.0824347839072717,1.0824347839072717,1.0824347839072717
2025-07-26 15:00:00+00:00,1.076381949909249,1.076381949909249,1.076381949909249,1.076381949909249
2025-07-26 16:00:00+00:00,1.0804942669288775,1.0804942669288775,1.0804942669288775,1.0804942669288775
2025-07-26 17:00:00+00:00,1.072863910854231,1.072863910854231,1.072863910854231,1.072863910854231
2025-07-26 18:00:00+00:00,1.0656914204957284,1.0656914204957284,1.0656914204957284,1.0656914204957284
2025-07-26 19:00:00+00:00,1.0807308849852268,1.0807308849852268,1.0807308849852268,1.0807308849852268
2025-07-26 20:00:00+00:00,1.083178913025528,1.083178913025528,1.083178913025528,1.083178913025528
2025-07-26 21:00:00+00:00,1.0778483422293037,1.0778483422293037,1.0778483422293037,1.0778483422293037
2025-07-26 22:00:00+00:00,1.0800082959203205,1.0800082959203205,1.0800082959203205,1.0800082959203205
2025-07-26 23:00:00+00:00,1.0690432556733427,1.0690432556733427,1.0690432556733427,1.0690432556733427
2025-07-27 00:00:00+00:00,1.0610867921062783,1.0610867921062783,1.0610867921062783,1.0610867921062783
2025-07-27 01:00:00+00:00,1.0634541577066883,1.0634541577066883,1.0634541577066883,1.0634541577066883
2025-07-27 02:00:00+00:00,1.0658815179083432,1.0658815179083432,1.0658815179083432,1.0658815179083432
2025-07-27 03:00:00+00:00,1.0790593777887953,1.0790593777887953,1.0790593777887953,1.0790593777887953
2025-07-27 04:00:00+00:00,1.0756199344152515,1.0756199344152515,1.0756199344152515,1.0756199344152515
2025-07-27 05:00:00+00:00,1.0862059672194608,1.0862059672194608,1.0862059672194608,1.0862059672194608
2025-07-27 06:00:00+00:00,1.090938754161066,1.090938754161066,1.090938754161066,1.090938754161066
2025-07-27 07:00:00+00:00,1.0824306295366009,1.0824306295366009,1.0824306295366009,1.0824306295366009
2025-07-27 08:00:00+00:00,1.0805533208194045,1.0805533208194045,1.0805533208194045,1.0805533208194045
2025-07-27 09:00:00+00:00,1.0728912752387723,1.0728912752387723,1.0728912752387723,1.0728912752387723
2025-07-27 10:00:00+00:00,1.0685214154918963,1.0685214154918963,1.0685214154918963,1.0685214154918963
2025-07-27 11:00:00+00:00,1.094540162619838,1.094540162619838,1.094540162619838,1.094540162619838
2025-07-27 12:00:00+00:00,1.086151186896393,1.086151186896393,1.086151186896393,1.086151186896393
2025-07-27 13:00:00+00:00,1.0886737210369108,1.0886737210369108,1.0886737210369108,1.0886737210369108
2025-07-27 14:00:00+00:00,1.078479378258316,1.078479378258316,1.078479378258316,1.078479378258316
2025-07-27 15:00:00+00:00,1.0796249881412694,1.0796249881412694,1.0796249881412694,1.0796249881412694
2025-07-27 16:00:00+00:00,1.089971369641212,1.089971369641212,1.089971369641212,1.089971369641212
2025-07-27 17:00:00+00:00,1.0961956494604133,1.0961956494604133,1.0961956494604133,1.0961956494604133
2025-07-27 18:00:00+00:00,1.114863938050776,1.114863938050776,1.114863938050776,1.114863938050776
2025-07-27 19:00:00+00:00,1.114576286850729,1.114576286850729,1.114576286850729,1.114576286850729
2025-07-27 20:00:00+00:00,1.1089263408568664,1.1089263408568664,1.1089263408568664,1.1089263408568664
2025-07-27 21:00:00+00:00,1.1141262136867316,1.1141262136867316,1.1141262136867316,1.1141262136867316
2025-07-27 22:00:00+00:00,1.115157207380418,1.115157207380418,1.115157207380418,1.115157207380418
2025-07-27 23:00:00+00:00,1.1341841349492967,1.1341841349492967,1.1341841349492967,1.1341841349492967
2025-07-28 00:00:00+00:00,1.1237642944445239,1.1237642944445239,1.1237642944445239,1.1237642944445239
2025-07-28 01:00:00+00:00,1.12332879639559,1.12332879639559,1.12332879639559,1.12332879639559
2025-07-28 02:00:00+00:00,1.1078296938412313,1.1078296938412313,1.1078296938412313,1.1078296938412313
2025-07-28 03:00:00+00:00,1.1358972525038844,1.1358972525038844,1.1358972525038844,1.1358972525038844
2025-07-28 04:00:00+00:00,1.1477740508865386,1.1477740508865386,1.1477740508865386,1.1477740508865386
2025-07-28 05:00:00+00:00,1.1458191882169189,1.1458191882169189,1.1458191882169189,1.1458191882169189
2025-07-28 06:00:00+00:00,1.1674600386890481,1.1674600386890481,1.1674600386890481,1.1674600386890481
2025-07-28 07:00:00+00:00,1.153623451242556,1.153623451242556,1.153623451242556,1.153623451242556
2025-07-28 08:00:00+00:00,1.1412302867540993,1.1412302867540993,1.1412302867540993,1.1412302867540993
2025-07-28 09:00:00+00:00,1.1373919128466652,1.1373919128466652,1.1373919128466652,1.1373919128466652
2025-07-28 10:00:00+00:00,1.145379188546179,1.145379188546179,1.145379188546179,1.145379188546179
2025-07-28 11:00:00+00:00,1.1374656378827277,1.1374656378827277,1.1374656378827277,1.1374656378827277
2025-07-28 12:00:00+00:00,1.1331286857280396,1.1331286857280396,1.1331286857280396,1.1331286857280396
2025-07-28 13:00:00+00:00,1.1371453915986167,1.1371453915986167,1.1371453915986167,1.1371453915986167
2025-07-28 14:00:00+00:00,1.1126894160600744,1.1126894160600744,1.1126894160600744,1.1126894160600744
2025-07-28 15:00:00+00:00,1.0886105661486256,1.0886105661486256,1.0886105661486256,1.0886105661486256
2025-07-28 16:00:00+00:00,1.0782232011036719,1.0782232011036719,1.0782232011036719,1.0782232011036719
2025-07-28 17:00:00+00:00,1.0767479427910025,1.0767479427910025,1.0767479427910025,1.0767479427910025
2025-07-28 18:00:00+00:00,1.0729746861696343,1.0729746861696343,1.0729746861696343,1.0729746861696343
2025-07-28 19:00:00+00:00,1.0673521604236191,1.0673521604236191,1.0673521604236191,1.0673521604236191
2025-07-28 20:00:00+00:00,1.060625396369957,1.060625396369957,1.060625396369957,1.060625396369957
2025-07-28 21:00:00+00:00,1.0507540262863404,1.0507540262863404,1.0507540262863404,1.0507540262863404
2025-07-28 22:00:00+00:00,1.0439795935917873,1.0439795935917873,1.0439795935917873,1.0439795935917873
2025-07-28 23:00:00+00:00,1.0303665978707024,1.0303665978707024,1.0303665978707024,1.0303665978707024
2025-07-29 00:00:00+00:00,1.0280737863762026,1.0280737863762026,1.0280737863762026,1.0280737863762026
2025-07-29 01:00:00+00:00,1.0316614423485049,1.0316614423485049,1.0316614423485049,1.0316614423485049
2025-07-29 02:00:00+00:00,1.024785459041932,1.024785459041932,1.024785459041932,1.024785459041932
2025-07-29 03:00:00+00:00,1.013028949285214,1.013028949285214,1.013028949285214,1.013028949285214
2025-07-29 04:00:00+00:00,1.0305489464789443,1.0305489464789443,1.0305489464789443,1.0305489464789443
2025-07-29 05:00:00+00:00,1.0308353291441974,1.0308353291441974,1.0308353291441974,1.0308353291441974
2025-07-29 06:00:00+00:00,1.0408348821797577,1.0408348821797577,1.0408348821797577,1.0408348821797577
2025-07-29 07:00:00+00:00,1.0534723173283944,1.0534723173283944,1.0534723173283944,1.0534723173283944
2025-07-29 08:00:00+00:00,1.076936346594181,1.076936346594181,1.076936346594181,1.076936346594181
2025-07-29 09:00:00+00:00,1.061767908483895,1.061767908483895,1.061767908483895,1.061767908483895
2025-07-29 10:00:00+00:00,1.0549138754221914,1.0549138754221914,1.0549138754221914,1.0549138754221914
2025-07-29 11:00:00+00:00,1.0252300364158051,1.0252300364158051,1.0252300364158051,1.0252300364158051
2025-07-29 12:00:00+00:00,1.0310827647639986,1.0310827647639986,1.0310827647639986,1.0310827647639986
2025-07-29 13:00:00+00:00,1.0415298671660336,1.0415298671660336,1.0415298671660336,1.0415298671660336
2025-07-29 14:00:00+00:00,1.0159702029295423,1.0159702029295423,1.0159702029295423,1.0159702029295423
2025-07-29 15:00:00+00:00,0.9943981754375297,0.9943981754375297,0.9943981754375297,0.9943981754375297
2025-07-29 16:00:00+00:00,0.9980167989054716,0.9980167989054716,0.9980167989054716,0.9980167989054716
2025-07-29 17:00:00+00:00,0.9889220414627059,0.9889220414627059,0.9889220414627059,0.9889220414627059
2025-07-29 18:00:00+00:00,0.9918192342316008,0.9918192342316008,0.9918192342316008,0.9918192342316008
2025-07-29 19:00:00+00:00,0.9910887721480065,0.9910887721480065,0.9910887721480065,0.9910887721480065
2025-07-29 20:00:00+00:00,0.9809465235402961,0.9809465235402961,0.9809465235402961,0.9809465235402961
2025-07-29 21:00:00+00:00,0.9679307346529168,0.9679307346529168,0.9679307346529168,0.9679307346529168
2025-07-29 22:00:00+00:00,0.9822632251568136,0.9822632251568136,0.9822632251568136,0.9822632251568136
2025-07-29 23:00:00+00:00,0.9842140707198236,0.9842140707198236,0.9842140707198236,0.9842140707198236
2025-07-30 00:00:00+00:00,0.9845008005668856,0.9845008005668856,0.9845008005668856,0.9845008005668856
2025-07-30 01:00:00+00:00,0.9747265895718473,0.9747265895718473,0.9747265895718473,0.9747265895718473
2025-07-30 02:00:00+00:00,0.9848770957501196,0.9848770957501196,0.9848770957501196,0.9848770957501196
2025-07-30 03:00:00+00:00,0.9897976221592647,0.9897976221592647,0.9897976221592647,0.9897976221592647
2025-07-30 04:00:00+00:00,0.9893282409199783,0.9893282409199783,0.9893282409199783,0.9893282409199783
2025-07-30 05:00:00+00:00,0.9785732098885316,0.9785732098885316,0.9785732098885316,0.9785732098885316
2025-07-30 06:00:00+00:00,0.9858361512476056,0.9858361512476056,0.9858361512476056,0.9858361512476056
2025-07-30 07:00:00+00:00,0.9865408501235984,0.9865408501235984,0.9865408501235984,0.9865408501235984
2025-07-30 08:00:00+00:00,0.9777254531624363,0.9777254531624363,0.9777254531624363,0.9777254531624363
2025-07-30 09:00:00+00:00,0.9810314788900608,0.9810314788900608,0.9810314788900608,0.9810314788900608
2025-07-30 10:00:00+00:00,0.9738146687710976,0.9738146687710976,0.9738146687710976,0.9738146687710976
2025-07-30 11:00:00+00:00,0.9641137898530614,0.9641137898530614,0.9641137898530614,0.9641137898530614
2025-07-30 12:00:00+00:00,0.9366063064073641,0.9366063064073641,0.9366063064073641,0.9366063064073641
2025-07-30 13:00:00+00:00,0.9385902236779292,0.9385902236779292,0.9385902236779292,0.9385902236779292
2025-07-30 14:00:00+00:00,0.9413721385342725,0.9413721385342725,0.9413721385342725,0.9413721385342725
2025-07-30 15:00:00+00:00,0.9619029355939358,0.9619029355939358,0.9619029355939358,0.9619029355939358
2025-07-30 16:00:00+00:00,0.9631340081127678,0.9631340081127678,0.9631340081127678,0.9631340081127678
2025-07-30 17:00:00+00:00,0.9747163726730399,0.9747163726730399,0.9747163726730399,0.9747163726730399
2025-07-30 18:00:00+00:00,0.9783641838458563,0.9783641838458563,0.9783641838458563,0.9783641838458563
2025-07-30 19:00:00+00:00,0.9478489157651961,0.9478489157651961,0.9478489157651961,0.9478489157651961
2025-07-30 20:00:00+00:00,0.9701689217449881,0.9701689217449881,0.9701689217449881,0.9701689217449881
2025-07-30 21:00:00+00:00,0.9668454558245329,0.9668454558245329,0.9668454558245329,0.9668454558245329
2025-07-30 22:00:00+00:00,0.9560013724350613,0.9560013724350613,0.9560013724350613,0.9560013724350613
2025-07-30 23:00:00+00:00,0.9516650657868416,0.9516650657868416,0.9516650657868416,0.9516650657868416
2025-07-31 00:00:00+00:00,0.9658440631709317,0.9658440631709317,0.9658440631709317,0.9658440631709317
2025-07-31 01:00:00+00:00,0.9768755211523129,0.9768755211523129,0.9768755211523129,0.9768755211523129
2025-07-31 02:00:00+00:00,0.9788796726152664,0.9788796726152664,0.9788796726152664,0.9788796726152664
2025-07-31 03:00:00+00:00,0.9863107619324117,0.9863107619324117,0.9863107619324117,0.9863107619324117
2025-07-31 04:00:00+00:00,0.9901093503962993,0.9901093503962993,0.9901093503962993,0.9901093503962993
2025-07-31 05:00:00+00:00,0.9925208504534857,0.9925208504534857,0.9925208504534857,0.9925208504534857
2025-07-31 06:00:00+00:00,0.9911274098814028,0.9911274098814028,0.9911274098814028,0.9911274098814028
2025-07-31 07:00:00+00:00,0.9938196272329058,0.9938196272329058,0.9938196272329058,0.9938196272329058
2025-07-31 08:00:00+00:00,0.9957136744619633,0.9957136744619633,0.9957136744619633,0.9957136744619633
2025-07-31 09:00:00+00:00,0.9996946088371346,0.9996946088371346,0.9996946088371346,0.9996946088371346
2025-07-31 10:00:00+00:00,1.007995340950069,1.007995340950069,1.007995340950069,1.007995340950069
2025-07-31 11:00:00+00:00,1.0027030180422483,1.0027030180422483,1.0027030180422483,1.0027030180422483
2025-07-31 12:00:00+00:00,0.9898090675144379,0.9898090675144379,0.9898090675144379,0.9898090675144379
2025-07-31 13:00:00+00:00,0.9780891197590431,0.9780891197590431,0.9780891197590431,0.9780891197590431
2025-07-31 14:00:00+00:00,0.9629924806043577,0.9629924806043577,0.9629924806043577,0.9629924806043577
2025-07-31 15:00:00+00:00,0.9484006016247678,0.9484006016247678,0.9484006016247678,0.9484006016247678
2025-07-31 16:00:00+00:00,0.9573774825156615,0.9573774825156615,0.9573774825156615,0.9573774825156615
2025-07-31 17:00:00+00:00,0.9700486287138962,0.9700486287138962,0.9700486287138962,0.9700486287138962
2025-07-31 18:00:00+00:00,0.9555982879840255,0.9555982879840255,0.9555982879840255,0.9555982879840255
2025-07-31 19:00:00+00:00,0.9574952247624143,0.9574952247624143,0.9574952247624143,0.9574952247624143
2025-07-31 20:00:00+00:00,0.9475608309248246,0.9475608309248246,0.9475608309248246,0.9475608309248246
2025-07-31 21:00:00+00:00,0.9455462548094974,0.9455462548094974,0.9455462548094974,0.9455462548094974
2025-07-31 22:00:00+00:00,0.9371508422903602,0.9371508422903602,0.9371508422903602,0.9371508422903602
2025-07-31 23:00:00+00:00,0.9300383719789242,0.9300383719789242,0.9300383719789242,0.9300383719789242
2025-08-01 00:00:00+00:00,0.9182931841456938,0.9182931841456938,0.9182931841456938,0.9182931841456938
2025-08-01 01:00:00+00:00,0.9009940566187892,0.9009940566187892,0.9009940566187892,0.9009940566187892
2025-08-01 02:00:00+00:00,0.9006586439574732,0.9006586439574732,0.9006586439574732,0.9006586439574732
2025-08-01 03:00:00+00:00,0.9134955278724017,0.9134955278724017,0.9134955278724017,0.9134955278724017
2025-08-01 04:00:00+00:00,0.91190189953138,0.91190189953138,0.91190189953138,0.91190189953138
2025-08-01 05:00:00+00:00,0.9052695308913101,0.9052695308913101,0.9052695308913101,0.9052695308913101
2025-08-01 06:00:00+00:00,0.8991356258631802,0.8991356258631802,0.8991356258631802,0.8991356258631802
2025-08-01 07:00:00+00:00,0.8969432035939943,0.8969432035939943,0.8969432035939943,0.8969432035939943
2025-08-01 08:00:00+00:00,0.8978492161893741,0.8978492161893741,0.8978492161893741,0.8978492161893741
2025-08-01 09:00:00+00:00,0.8947081859012138,0.8947081859012138,0.8947081859012138,0.8947081859012138
2025-08-01 10:00:00+00:00,0.8905771601763194,0.8905771601763194,0.8905771601763194,0.8905771601763194
2025-08-01 11:00:00+00:00,0.8904887242605939,0.8904887242605939,0.8904887242605939,0.8904887242605939
2025-08-01 12:00:00+00:00,0.9002474839434975,0.9002474839434975,0.9002474839434975,0.9002474839434975
2025-08-01 13:00:00+00:00,0.904479864573848,0.904479864573848,0.904479864573848,0.904479864573848
2025-08-01 14:00:00+00:00,0.8851134674012029,0.8851134674012029,0.8851134674012029,0.8851134674012029
2025-08-01 15:00:00+00:00,0.9112309180056729,0.9112309180056729,0.9112309180056729,0.9112309180056729
2025-08-01 16:00:00+00:00,0.909679934058213,0.909679934058213,0.909679934058213,0.909679934058213
2025-08-01 17:00:00+00:00,0.8929824818683625,0.8929824818683625,0.8929824818683625,0.8929824818683625
2025-08-01 18:00:00+00:00,0.8888771190317738,0.8888771190317738,0.8888771190317738,0.8888771190317738
2025-08-01 19:00:00+00:00,0.8982471126023204,0.8982471126023204,0.8982471126023204,0.8982471126023204
2025-08-01 20:00:00+00:00,0.9100519308049032,0.9100519308049032,0.9100519308049032,0.9100519308049032
2025-08-01 21:00:00+00:00,0.902683819143757,0.902683819143757,0.902683819143757,0.902683819143757
2025-08-01 22:00:00+00:00,0.8976299939338415,0.8976299939338415,0.8976299939338415,0.8976299939338415
2025-08-01 23:00:00+00:00,0.865434860288551,0.865434860288551,0.865434860288551,0.865434860288551
2025-08-02 00:00:00+00:00,0.8786685604552987,0.8786685604552987,0.8786685604552987,0.8786685604552987
2025-08-02 01:00:00+00:00,0.8874724726625123,0.8874724726625123,0.8874724726625123,0.8874724726625123
2025-08-02 02:00:00+00:00,0.8849151623831054,0.8849151623831054,0.8849151623831054,0.8849151623831054
2025-08-02 03:00:00+00:00,0.8829322047313402,0.8829322047313402,0.8829322047313402,0.8829322047313402
2025-08-02 04:00:00+00:00,0.8898269759692907,0.8898269759692907,0.8898269759692907,0.8898269759692907
2025-08-02 05:00:00+00:00,0.8907753680555992,0.8907753680555992,0.8907753680555992,0.8907753680555992
2025-08-02 06:00:00+00:00,0.8903121464108101,0.8903121464108101,0.8903121464108101,0.8903121464108101
2025-08-02 07:00:00+00:00,0.8647380069731705,0.8647380069731705,0.8647380069731705,0.8647380069731705
2025-08-02 08:00:00+00:00,0.8846808455333478,0.8846808455333478,0.8846808455333478,0.8846808455333478
2025-08-02 09:00:00+00:00,0.8705023035556387,0.8705023035556387,0.8705023035556387,0.8705023035556387
2025-08-02 10:00:00+00:00,0.8666356762088152,0.8666356762088152,0.8666356762088152,0.8666356762088152
2025-08-02 11:00:00+00:00,0.8634736155036575,0.8634736155036575,0.8634736155036575,0.8634736155036575
2025-08-02 12:00:00+00:00,0.8652489017288421,0.8652489017288421,0.8652489017288421,0.8652489017288421
2025-08-02 13:00:00+00:00,0.8629344735979175,0.8629344735979175,0.8629344735979175,0.8629344735979175
2025-08-02 14:00:00+00:00,0.8676578501002977,0.8676578501002977,0.8676578501002977,0.8676578501002977
2025-08-02 15:00:00+00:00,0.8542613665048704,0.8542613665048704,0.8542613665048704,0.8542613665048704
2025-08-02 16:00:00+00:00,0.8508063432102171,0.8508063432102171,0.8508063432102171,0.8508063432102171
2025-08-02 17:00:00+00:00,0.8515583716338032,0.8515583716338032,0.8515583716338032,0.8515583716338032
2025-08-02 18:00:00+00:00,0.8328096453892143,0.8328096453892143,0.8328096453892143,0.8328096453892143
2025-08-02 19:00:00+00:00,0.8241287853258735,0.8241287853258735,0.8241287853258735,0.8241287853258735
2025-08-02 20:00:00+00:00,0.8374890944133037,0.8374890944133037,0.8374890944133037,0.8374890944133037
2025-08-02 21:00:00+00:00,0.8517621404890988,0.8517621404890988,0.8517621404890988,0.8517621404890988
2025-08-02 22:00:00+00:00,0.8485402077987706,0.8485402077987706,0.8485402077987706,0.8485402077987706
2025-08-02 23:00:00+00:00,0.8557581406688805,0.8557581406688805,0.8557581406688805,0.8557581406688805
2025-08-03 00:00:00+00:00,0.856585764807894,0.856585764807894,0.856585764807894,0.856585764807894
2025-08-03 01:00:00+00:00,0.8641304578750962,0.8641304578750962,0.8641304578750962,0.8641304578750962
2025-08-03 02:00:00+00:00,0.8646527453001677,0.8646527453001677,0.8646527453001677,0.8646527453001677
2025-08-03 03:00:00+00:00,0.8729338072908062,0.8729338072908062,0.8729338072908062,0.8729338072908062
2025-08-03 04:00:00+00:00,0.872745720646505,0.872745720646505,0.872745720646505,0.872745720646505
2025-08-03 05:00:00+00:00,0.8722704373560018,0.8722704373560018,0.8722704373560018,0.8722704373560018
2025-08-03 06:00:00+00:00,0.871262319080628,0.871262319080628,0.871262319080628,0.871262319080628
2025-08-03 07:00:00+00:00,0.8713320641488883,0.8713320641488883,0.8713320641488883,0.8713320641488883
2025-08-03 08:00:00+00:00,0.8784695302370426,0.8784695302370426,0.8784695302370426,0.8784695302370426
2025-08-03 09:00:00+00:00,0.8826167619860239,0.8826167619860239,0.8826167619860239,0.8826167619860239
2025-08-03 10:00:00+00:00,0.8831348925296323,0.8831348925296323,0.8831348925296323,0.8831348925296323
2025-08-03 11:00:00+00:00,0.8935520263294103,0.8935520263294103,0.8935520263294103,0.8935520263294103
2025-08-03 12:00:00+00:00,0.8906739428689165,0.8906739428689165,0.8906739428689165,0.8906739428689165
2025-08-03 13:00:00+00:00,0.8913979056505933,0.8913979056505933,0.8913979056505933,0.8913979056505933
2025-08-03 14:00:00+00:00,0.8894244119132692,0.8894244119132692,0.8894244119132692,0.8894244119132692
2025-08-03 15:00:00+00:00,0.8920622383978539,0.8920622383978539,0.8920622383978539,0.8920622383978539
2025-08-03 16:00:00+00:00,0.8921326405019075,0.8921326405019075,0.8921326405019075,0.8921326405019075
2025-08-03 17:00:00+00:00,0.8925236227606359,0.8925236227606359,0.8925236227606359,0.8925236227606359
2025-08-03 18:00:00+00:00,0.8895461299342113,0.8895461299342113,0.8895461299342113,0.8895461299342113
2025-08-03 19:00:00+00:00,0.8932655417011662,0.8932655417011662,0.8932655417011662,0.8932655417011662
2025-08-03 20:00:00+00:00,0.8907876804630219,0.8907876804630219,0.8907876804630219,0.8907876804630219
2025-08-03 21:00:00+00:00,0.8953935876119945,0.8953935876119945,0.8953935876119945,0.8953935876119945
2025-08-03 22:00:00+00:00,0.8993414718777534,0.8993414718777534,0.8993414718777534,0.8993414718777534
2025-08-03 23:00:00+00:00,0.8988470201777315,0.8988470201777315,0.8988470201777315,0.8988470201777315
2025-08-04 00:00:00+00:00,0.898437416074611,0.898437416074611,0.898437416074611,0.898437416074611
2025-08-04 01:00:00+00:00,0.9182064951129825,0.9182064951129825,0.9182064951129825,0.9182064951129825
2025-08-04 02:00:00+00:00,0.9118723606610714,0.9118723606610714,0.9118723606610714,0.9118723606610714
2025-08-04 03:00:00+00:00,0.9190182212689024,0.9190182212689024,0.9190182212689024,0.9190182212689024
2025-08-04 04:00:00+00:00,0.9135173601469345,0.9135173601469345,0.9135173601469345,0.9135173601469345
2025-08-04 05:00:00+00:00,0.9120599815269229,0.9120599815269229,0.9120599815269229,0.9120599815269229
2025-08-04 06:00:00+00:00,0.9144549227427335,0.9144549227427335,0.9144549227427335,0.9144549227427335
2025-08-04 07:00:00+00:00,0.9160006735456152,0.9160006735456152,0.9160006735456152,0.9160006735456152
2025-08-04 08:00:00+00:00,0.9205698138834244,0.9205698138834244,0.9205698138834244,0.9205698138834244
2025-08-04 09:00:00+00:00,0.922359848464747,0.922359848464747,0.922359848464747,0.922359848464747
2025-08-04 10:00:00+00:00,0.9134808773477537,0.9134808773477537,0.9134808773477537,0.9134808773477537
2025-08-04 11:00:00+00:00,0.9169267671264255,0.9169267671264255,0.9169267671264255,0.9169267671264255
2025-08-04 12:00:00+00:00,0.9095632173394645,0.9095632173394645,0.9095632173394645,0.9095632173394645
2025-08-04 13:00:00+00:00,0.9117891802654395,0.9117891802654395,0.9117891802654395,0.9117891802654395
2025-08-04 14:00:00+00:00,0.9266272300071997,0.9266272300071997,0.9266272300071997,0.9266272300071997
2025-08-04 15:00:00+00:00,0.91590489852985,0.91590489852985,0.91590489852985,0.91590489852985
2025-08-04 16:00:00+00:00,0.9135445574444574,0.9135445574444574,0.9135445574444574,0.9135445574444574
2025-08-04 17:00:00+00:00,0.9291470884174071,0.9291470884174071,0.9291470884174071,0.9291470884174071
2025-08-04 18:00:00+00:00,0.9224854163193822,0.9224854163193822,0.9224854163193822,0.9224854163193822
2025-08-04 19:00:00+00:00,0.9133557669445991,0.9133557669445991,0.9133557669445991,0.9133557669445991
2025-08-04 20:00:00+00:00,0.9094333676523099,0.9094333676523099,0.9094333676523099,0.9094333676523099
2025-08-04 21:00:00+00:00,0.9174970349881829,0.9174970349881829,0.9174970349881829,0.9174970349881829
2025-08-04 22:00:00+00:00,0.9232770409161175,0.9232770409161175,0.9232770409161175,0.9232770409161175
2025-08-04 23:00:00+00:00,0.9286038326505696,0.9286038326505696,0.9286038326505696,0.9286038326505696
2025-08-05 00:00:00+00:00,0.9253671207341633,0.9253671207341633,0.9253671207341633,0.9253671207341633
2025-08-05 01:00:00+00:00,0.9196040962611891,0.9196040962611891,0.9196040962611891,0.9196040962611891
2025-08-05 02:00:00+00:00,0.912116937994249,0.912116937994249,0.912116937994249,0.912116937994249
2025-08-05 03:00:00+00:00,0.9129204921860206,0.9129204921860206,0.9129204921860206,0.9129204921860206
2025-08-05 04:00:00+00:00,0.8998186274294427,0.8998186274294427,0.8998186274294427,0.8998186274294427
2025-08-05 05:00:00+00:00,0.8959003982051836,0.8959003982051836,0.8959003982051836,0.8959003982051836
2025-08-05 06:00:00+00:00,0.8977184914119404,0.8977184914119404,0.8977184914119404,0.8977184914119404
2025-08-05 07:00:00+00:00,0.8904636292583578,0.8904636292583578,0.8904636292583578,0.8904636292583578
2025-08-05 08:00:00+00:00,0.8792034703451043,0.8792034703451043,0.8792034703451043,0.8792034703451043
2025-08-05 09:00:00+00:00,0.8874594597113099,0.8874594597113099,0.8874594597113099,0.8874594597113099
2025-08-05 10:00:00+00:00,0.8988761844250123,0.8988761844250123,0.8988761844250123,0.8988761844250123
2025-08-05 11:00:00+00:00,0.9091409983939926,0.9091409983939926,0.9091409983939926,0.9091409983939926
2025-08-05 12:00:00+00:00,0.9139509400512451,0.9139509400512451,0.9139509400512451,0.9139509400512451
2025-08-05 13:00:00+00:00,0.8998124119347617,0.8998124119347617,0.8998124119347617,0.8998124119347617
2025-08-05 14:00:00+00:00,0.8969631791841403,0.8969631791841403,0.8969631791841403,0.8969631791841403
2025-08-05 15:00:00+00:00,0.87351292106287,0.87351292106287,0.87351292106287,0.87351292106287
2025-08-05 16:00:00+00:00,0.8665039360495416,0.8665039360495416,0.8665039360495416,0.8665039360495416
2025-08-05 17:00:00+00:00,0.8700881057477485,0.8700881057477485,0.8700881057477485,0.8700881057477485
2025-08-05 18:00:00+00:00,0.8757581263686952,0.8757581263686952,0.8757581263686952,0.8757581263686952
2025-08-05 19:00:00+00:00,0.8717453244208367,0.8717453244208367,0.8717453244208367,0.8717453244208367
2025-08-05 20:00:00+00:00,0.8672942937306547,0.8672942937306547,0.8672942937306547,0.8672942937306547
2025-08-05 21:00:00+00:00,0.86632762612023,0.86632762612023,0.86632762612023,0.86632762612023
2025-08-05 22:00:00+00:00,0.8569535926689367,0.8569535926689367,0.8569535926689367,0.8569535926689367
2025-08-05 23:00:00+00:00,0.865144675060924,0.865144675060924,0.865144675060924,0.865144675060924
2025-08-06 00:00:00+00:00,0.8716286067544157,0.8716286067544157,0.8716286067544157,0.8716286067544157
2025-08-06 01:00:00+00:00,0.8616084675649595,0.8616084675649595,0.8616084675649595,0.8616084675649595
2025-08-06 02:00:00+00:00,0.8657075106613357,0.8657075106613357,0.8657075106613357,0.8657075106613357
2025-08-06 03:00:00+00:00,0.8588866171559503,0.8588866171559503,0.8588866171559503,0.8588866171559503
2025-08-06 04:00:00+00:00,0.8528396830763507,0.8528396830763507,0.8528396830763507,0.8528396830763507
2025-08-06 05:00:00+00:00,0.85363056504953,0.85363056504953,0.85363056504953,0.85363056504953
2025-08-06 06:00:00+00:00,0.8752152556947126,0.8752152556947126,0.8752152556947126,0.8752152556947126
2025-08-06 07:00:00+00:00,0.8791347432988784,0.8791347432988784,0.8791347432988784,0.8791347432988784
2025-08-06 08:00:00+00:00,0.8827850695538958,0.8827850695538958,0.8827850695538958,0.8827850695538958
2025-08-06 09:00:00+00:00,0.8749495704244973,0.8749495704244973,0.8749495704244973,0.8749495704244973
2025-08-06 10:00:00+00:00,0.8789485083025388,0.8789485083025388,0.8789485083025388,0.8789485083025388
2025-08-06 11:00:00+00:00,0.8748809208841126,0.8748809208841126,0.8748809208841126,0.8748809208841126
2025-08-06 12:00:00+00:00,0.8749150588203732,0.8749150588203732,0.8749150588203732,0.8749150588203732
2025-08-06 13:00:00+00:00,0.8699089620659634,0.8699089620659634,0.8699089620659634,0.8699089620659634
2025-08-06 14:00:00+00:00,0.8707499645014098,0.8707499645014098,0.8707499645014098,0.8707499645014098
2025-08-06 15:00:00+00:00,0.8824374404834089,0.8824374404834089,0.8824374404834089,0.8824374404834089
2025-08-06 16:00:00+00:00,0.8991444045218056,0.8991444045218056,0.8991444045218056,0.8991444045218056
2025-08-06 17:00:00+00:00,0.888436778226892,0.888436778226892,0.888436778226892,0.888436778226892
2025-08-06 18:00:00+00:00,0.90372491442096,0.90372491442096,0.90372491442096,0.90372491442096
2025-08-06 19:00:00+00:00,0.9042800777245856,0.9042800777245856,0.9042800777245856,0.9042800777245856
2025-08-06 20:00:00+00:00,0.9007845488780886,0.9007845488780886,0.9007845488780886,0.9007845488780886
2025-08-06 21:00:00+00:00,0.9006829084575836,0.9006829084575836,0.9006829084575836,0.9006829084575836
2025-08-06 22:00:00+00:00,0.8993534772134639,0.8993534772134639,0.8993534772134639,0.8993534772134639
2025-08-06 23:00:00+00:00,0.9010624687266877,0.9010624687266877,0.9010624687266877,0.9010624687266877
2025-08-07 00:00:00+00:00,0.9039459038797489,0.9039459038797489,0.9039459038797489,0.9039459038797489
2025-08-07 01:00:00+00:00,0.9041390059644532,0.9041390059644532,0.9041390059644532,0.9041390059644532
2025-08-07 02:00:00+00:00,0.9012181433017636,0.9012181433017636,0.9012181433017636,0.9012181433017636
2025-08-07 03:00:00+00:00,0.8973268753451834,0.8973268753451834,0.8973268753451834,0.8973268753451834
2025-08-07 04:00:00+00:00,0.8967154349547583,0.8967154349547583,0.8967154349547583,0.8967154349547583
2025-08-07 05:00:00+00:00,0.8964845123929908,0.8964845123929908,0.8964845123929908,0.8964845123929908
2025-08-07 06:00:00+00:00,0.9023642984414907,0.9023642984414907,0.9023642984414907,0.9023642984414907
2025-08-07 07:00:00+00:00,0.9063916638299407,0.9063916638299407,0.9063916638299407,0.9063916638299407
2025-08-07 08:00:00+00:00,0.9038652439127123,0.9038652439127123,0.9038652439127123,0.9038652439127123
2025-08-07 09:00:00+00:00,0.901912284593391,0.901912284593391,0.901912284593391,0.901912284593391
2025-08-07 10:00:00+00:00,0.9045704799115598,0.9045704799115598,0.9045704799115598,0.9045704799115598
2025-08-07 11:00:00+00:00,0.9306283702827236,0.9306283702827236,0.9306283702827236,0.9306283702827236
2025-08-07 12:00:00+00:00,0.9351778020683421,0.9351778020683421,0.9351778020683421,0.9351778020683421
2025-08-07 13:00:00+00:00,0.9315021910737767,0.9315021910737767,0.9315021910737767,0.9315021910737767
2025-08-07 14:00:00+00:00,0.9315931991731589,0.9315931991731589,0.9315931991731589,0.9315931991731589
2025-08-07 15:00:00+00:00,0.9193366207458467,0.9193366207458467,0.9193366207458467,0.9193366207458467
2025-08-07 16:00:00+00:00,0.9249090210030706,0.9249090210030706,0.9249090210030706,0.9249090210030706
2025-08-07 17:00:00+00:00,0.9103587138859526,0.9103587138859526,0.9103587138859526,0.9103587138859526
2025-08-07 18:00:00+00:00,0.9116701397276773,0.9116701397276773,0.9116701397276773,0.9116701397276773
2025-08-07 19:00:00+00:00,0.9135549645499519,0.9135549645499519,0.9135549645499519,0.9135549645499519
2025-08-07 20:00:00+00:00,0.9315026254270015,0.9315026254270015,0.9315026254270015,0.9315026254270015
2025-08-07 21:00:00+00:00,0.9363575946106412,0.9363575946106412,0.9363575946106412,0.9363575946106412
2025-08-07 22:00:00+00:00,0.9398020185544312,0.9398020185544312,0.9398020185544312,0.9398020185544312
2025-08-07 23:00:00+00:00,0.9527841421620256,0.9527841421620256,0.9527841421620256,0.9527841421620256
2025-08-08 00:00:00+00:00,0.9518784784689572,0.9518784784689572,0.9518784784689572,0.9518784784689572
2025-08-08 01:00:00+00:00,0.9569553276554966,0.9569553276554966,0.9569553276554966,0.9569553276554966
2025-08-08 02:00:00+00:00,0.951729439627945,0.951729439627945,0.951729439627945,0.951729439627945
2025-08-08 03:00:00+00:00,0.9526667848599821,0.9526667848599821,0.9526667848599821,0.9526667848599821
2025-08-08 04:00:00+00:00,0.9540730714831519,0.9540730714831519,0.9540730714831519,0.9540730714831519
2025-08-08 05:00:00+00:00,0.9492108249887987,0.9492108249887987,0.9492108249887987,0.9492108249887987
2025-08-08 06:00:00+00:00,0.9427075846983692,0.9427075846983692,0.9427075846983692,0.9427075846983692
2025-08-08 07:00:00+00:00,0.9512644677879569,0.9512644677879569,0.9512644677879569,0.9512644677879569
2025-08-08 08:00:00+00:00,0.9611035905353184,0.9611035905353184,0.9611035905353184,0.9611035905353184
2025-08-08 09:00:00+00:00,0.9534698955857202,0.9534698955857202,0.9534698955857202,0.9534698955857202
2025-08-08 10:00:00+00:00,0.9602098451166327,0.9602098451166327,0.9602098451166327,0.9602098451166327
2025-08-08 11:00:00+00:00,0.9623020498834912,0.9623020498834912,0.9623020498834912,0.9623020498834912
2025-08-08 12:00:00+00:00,0.9668537154000164,0.9668537154000164,0.9668537154000164,0.9668537154000164
2025-08-08 13:00:00+00:00,0.9536348373992375,0.9536348373992375,0.9536348373992375,0.9536348373992375
2025-08-08 14:00:00+00:00,0.9746310936762512,0.9746310936762512,0.9746310936762512,0.9746310936762512
2025-08-08 15:00:00+00:00,0.952110564832114,0.952110564832114,0.952110564832114,0.952110564832114
2025-08-08 16:00:00+00:00,0.9437043966771806,0.9437043966771806,0.9437043966771806,0.9437043966771806
2025-08-08 17:00:00+00:00,0.9504586938651289,0.9504586938651289,0.9504586938651289,0.9504586938651289
2025-08-08 18:00:00+00:00,0.9807746426279621,0.9807746426279621,0.9807746426279621,0.9807746426279621
2025-08-08 19:00:00+00:00,0.9726081144570252,0.9726081144570252,0.9726081144570252,0.9726081144570252
2025-08-08 20:00:00+00:00,0.9742603498068589,0.9742603498068589,0.9742603498068589,0.9742603498068589
2025-08-08 21:00:00+00:00,0.9789536429500086,0.9789536429500086,0.9789536429500086,0.9789536429500086
2025-08-08 22:00:00+00:00,0.9760425408753047,0.9760425408753047,0.9760425408753047,0.9760425408753047
2025-08-08 23:00:00+00:00,0.9808565884426165,0.9808565884426165,0.9808565884426165,0.9808565884426165
2025-08-09 00:00:00+00:00,0.9754180814908304,0.9754180814908304,0.9754180814908304,0.9754180814908304
2025-08-09 01:00:00+00:00,0.9715763075453351,0.9715763075453351,0.9715763075453351,0.9715763075453351
2025-08-09 02:00:00+00:00,0.975538428816795,0.975538428816795,0.975538428816795,0.975538428816795
2025-08-09 03:00:00+00:00,0.9712274583605529,0.9712274583605529,0.9712274583605529,0.9712274583605529
2025-08-09 04:00:00+00:00,0.9655781146649379,0.9655781146649379,0.9655781146649379,0.9655781146649379
2025-08-09 05:00:00+00:00,0.982681422411543,0.982681422411543,0.982681422411543,0.982681422411543
2025-08-09 06:00:00+00:00,1.0028273825644907,1.0028273825644907,1.0028273825644907,1.0028273825644907
2025-08-09 07:00:00+00:00,0.9847489858619028,0.9847489858619028,0.9847489858619028,0.9847489858619028
2025-08-09 08:00:00+00:00,0.9967516481190456,0.9967516481190456,0.9967516481190456,0.9967516481190456
2025-08-09 09:00:00+00:00,1.0081990480844718,1.0081990480844718,1.0081990480844718,1.0081990480844718
2025-08-09 10:00:00+00:00,1.010312532847115,1.010312532847115,1.010312532847115,1.010312532847115
2025-08-09 11:00:00+00:00,1.0091905490237048,1.0091905490237048,1.0091905490237048,1.0091905490237048
2025-08-09 12:00:00+00:00,1.0035060735186625,1.0035060735186625,1.0035060735186625,1.0035060735186625
2025-08-09 13:00:00+00:00,1.0217409083168074,1.0217409083168074,1.0217409083168074,1.0217409083168074
2025-08-09 14:00:00+00:00,0.9992461265907644,0.9992461265907644,0.9992461265907644,0.9992461265907644
2025-08-09 15:00:00+00:00,1.004581812809588,1.004581812809588,1.004581812809588,1.004581812809588
2025-08-09 16:00:00+00:00,1.004924838432979,1.004924838432979,1.004924838432979,1.004924838432979
2025-08-09 17:00:00+00:00,0.9969532205122233,0.9969532205122233,0.9969532205122233,0.9969532205122233
2025-08-09 18:00:00+00:00,1.0088751546903432,1.0088751546903432,1.0088751546903432,1.0088751546903432
2025-08-09 19:00:00+00:00,1.013294999883354,1.013294999883354,1.013294999883354,1.013294999883354
2025-08-09 20:00:00+00:00,1.0158907483573818,1.0158907483573818,1.0158907483573818,1.0158907483573818
2025-08-09 21:00:00+00:00,1.024159913746413,1.024159913746413,1.024159913746413,1.024159913746413
2025-08-09 22:00:00+00:00,1.014692666867122,1.014692666867122,1.014692666867122,1.014692666867122
2025-08-09 23:00:00+00:00,1.0100027346665372,1.0100027346665372,1.0100027346665372,1.0100027346665372
2025-08-10 00:00:00+00:00,1.0103825963057282,1.0103825963057282,1.0103825963057282,1.0103825963057282
2025-08-10 01:00:00+00:00,1.0193025892167062,1.0193025892167062,1.0193025892167062,1.0193025892167062
2025-08-10 02:00:00+00:00,1.0179715765720125,1.0179715765720125,1.0179715765720125,1.0179715765720125
2025-08-10 03:00:00+00:00,1.0094971528917693,1.0094971528917693,1.0094971528917693,1.0094971528917693
2025-08-10 04:00:00+00:00,1.0239301428856467,1.0239301428856467,1.0239301428856467,1.0239301428856467
2025-08-10 05:00:00+00:00,1.0290540537893234,1.0290540537893234,1.0290540537893234,1.0290540537893234
2025-08-10 06:00:00+00:00,1.0048524446662186,1.0048524446662186,1.0048524446662186,1.0048524446662186
2025-08-10 07:00:00+00:00,0.9990146662203482,0.9990146662203482,0.9990146662203482,0.9990146662203482
2025-08-10 08:00:00+00:00,0.96878526693782,0.96878526693782,0.96878526693782,0.96878526693782
2025-08-10 09:00:00+00:00,0.984280945883327,0.984280945883327,0.984280945883327,0.984280945883327
2025-08-10 10:00:00+00:00,0.9795792865893427,0.9795792865893427,0.9795792865893427,0.9795792865893427
2025-08-10 11:00:00+00:00,0.968725039937088,0.968725039937088,0.968725039937088,0.968725039937088
2025-08-10 12:00:00+00:00,0.9705202248992423,0.9705202248992423,0.9705202248992423,0.9705202248992423
2025-08-10 13:00:00+00:00,0.9758176401388845,0.9758176401388845,0.9758176401388845,0.9758176401388845
2025-08-10 14:00:00+00:00,0.9691359016252346,0.9691359016252346,0.9691359016252346,0.9691359016252346
2025-08-10 15:00:00+00:00,0.9835810671099702,0.9835810671099702,0.9835810671099702,0.9835810671099702
2025-08-10 16:00:00+00:00,0.9841395508549456,0.9841395508549456,0.9841395508549456,0.9841395508549456
2025-08-10 17:00:00+00:00,1.0058819211750003,1.0058819211750003,1.0058819211750003,1.0058819211750003
2025-08-10 18:00:00+00:00,1.0032944968358601,1.0032944968358601,1.0032944968358601,1.0032944968358601
2025-08-10 19:00:00+00:00,1.0094898922922935,1.0094898922922935,1.0094898922922935,1.0094898922922935
2025-08-10 20:00:00+00:00,1.0225807687318484,1.0225807687318484,1.0225807687318484,1.0225807687318484
2025-08-10 21:00:00+00:00,1.0157198419580606,1.0157198419580606,1.0157198419580606,1.0157198419580606
2025-08-10 22:00:00+00:00,0.999828579042239,0.999828579042239,0.999828579042239,0.999828579042239
2025-08-10 23:00:00+00:00,1.0022034137970484,1.0022034137970484,1.0022034137970484,1.0022034137970484
2025-08-11 00:00:00+00:00,1.0055767346433087,1.0055767346433087,1.0055767346433087,1.0055767346433087
2025-08-11 01:00:00+00:00,0.9983488521941581,0.9983488521941581,0.9983488521941581,0.9983488521941581
2025-08-11 02:00:00+00:00,1.0275190687868268,1.0275190687868268,1.0275190687868268,1.0275190687868268
2025-08-11 03:00:00+00:00,1.0289533855778736,1.0289533855778736,1.0289533855778736,1.0289533855778736
2025-08-11 04:00:00+00:00,1.028545353916537,1.028545353916537,1.028545353916537,1.028545353916537
2025-08-11 05:00:00+00:00,1.0234682522624319,1.0234682522624319,1.0234682522624319,1.0234682522624319
2025-08-11 06:00:00+00:00,1.015947469630694,1.015947469630694,1.015947469630694,1.015947469630694
2025-08-11 07:00:00+00:00,1.0121053572656293,1.0121053572656293,1.0121053572656293,1.0121053572656293
2025-08-11 08:00:00+00:00,0.9755143118634194,0.9755143118634194,0.9755143118634194,0.9755143118634194
2025-08-11 09:00:00+00:00,0.9873652706932126,0.9873652706932126,0.9873652706932126,0.9873652706932126
2025-08-11 10:00:00+00:00,0.9828811020096069,0.9828811020096069,0.9828811020096069,0.9828811020096069
2025-08-11 11:00:00+00:00,0.9771196151106233,0.9771196151106233,0.9771196151106233,0.9771196151106233
2025-08-11 12:00:00+00:00,0.9557217457550511,0.9557217457550511,0.9557217457550511,0.9557217457550511
2025-08-11 13:00:00+00:00,0.9423392433956294,0.9423392433956294,0.9423392433956294,0.9423392433956294
2025-08-11 14:00:00+00:00,0.9534310993016243,0.9534310993016243,0.9534310993016243,0.9534310993016243
2025-08-11 15:00:00+00:00,0.9485717946410474,0.9485717946410474,0.9485717946410474,0.9485717946410474
2025-08-11 16:00:00+00:00,0.9523436083682494,0.9523436083682494,0.9523436083682494,0.9523436083682494
2025-08-11 17:00:00+00:00,0.9506922176767948,0.9506922176767948,0.9506922176767948,0.9506922176767948
2025-08-11 18:00:00+00:00,0.9475709807381435,0.9475709807381435,0.9475709807381435,0.9475709807381435
2025-08-11 19:00:00+00:00,0.9445708802396126,0.9445708802396126,0.9445708802396126,0.9445708802396126
2025-08-11 20:00:00+00:00,0.9337989287078925,0.9337989287078925,0.9337989287078925,0.9337989287078925
2025-08-11 21:00:00+00:00,0.9349428847913889,0.9349428847913889,0.9349428847913889,0.9349428847913889
2025-08-11 22:00:00+00:00,0.9189076459418918,0.9189076459418918,0.9189076459418918,0.9189076459418918
2025-08-11 23:00:00+00:00,0.9105403499592072,0.9105403499592072,0.9105403499592072,0.9105403499592072
2025-08-12 00:00:00+00:00,0.9129738659244268,0.9129738659244268,0.9129738659244268,0.9129738659244268
2025-08-12 01:00:00+00:00,0.9177133870851668,0.9177133870851668,0.9177133870851668,0.9177133870851668
2025-08-12 02:00:00+00:00,0.9224333616519659,0.9224333616519659,0.9224333616519659,0.9224333616519659
2025-08-12 03:00:00+00:00,0.9243403051464815,0.9243403051464815,0.9243403051464815,0.9243403051464815
2025-08-12 04:00:00+00:00,0.9153559094913343,0.9153559094913343,0.9153559094913343,0.9153559094913343
2025-08-12 05:00:00+00:00,0.9222043214478828,0.9222043214478828,0.9222043214478828,0.9222043214478828
2025-08-12 06:00:00+00:00,0.9105109089664618,0.9105109089664618,0.9105109089664618,0.9105109089664618
2025-08-12 07:00:00+00:00,0.910354230542832,0.910354230542832,0.910354230542832,0.910354230542832
2025-08-12 08:00:00+00:00,0.9115530801125529,0.9115530801125529,0.9115530801125529,0.9115530801125529
2025-08-12 09:00:00+00:00,0.9064307022297189,0.9064307022297189,0.9064307022297189,0.9064307022297189
2025-08-12 10:00:00+00:00,0.8999243851763519,0.8999243851763519,0.8999243851763519,0.8999243851763519
2025-08-12 11:00:00+00:00,0.8956811405931338,0.8956811405931338,0.8956811405931338,0.8956811405931338
2025-08-12 12:00:00+00:00,0.899678780786558,0.899678780786558,0.899678780786558,0.899678780786558
2025-08-12 13:00:00+00:00,0.9277308166344435,0.9277308166344435,0.9277308166344435,0.9277308166344435
2025-08-12 14:00:00+00:00,0.9194063396416204,0.9194063396416204,0.9194063396416204,0.9194063396416204
2025-08-12 15:00:00+00:00,0.9383366751688693,0.9383366751688693,0.9383366751688693,0.9383366751688693
2025-08-12 16:00:00+00:00,0.9557324432034258,0.9557324432034258,0.9557324432034258,0.9557324432034258
2025-08-12 17:00:00+00:00,0.9644043340005488,0.9644043340005488,0.9644043340005488,0.9644043340005488
2025-08-12 18:00:00+00:00,0.968017944910758,0.968017944910758,0.968017944910758,0.968017944910758
2025-08-12 19:00:00+00:00,0.9742665202149814,0.9742665202149814,0.9742665202149814,0.9742665202149814
2025-08-12 20:00:00+00:00,0.989441318154566,0.989441318154566,0.989441318154566,0.989441318154566
2025-08-12 21:00:00+00:00,0.9959661434469042,0.9959661434469042,0.9959661434469042,0.9959661434469042
2025-08-12 22:00:00+00:00,0.9869120242800395,0.9869120242800395,0.9869120242800395,0.9869120242800395
2025-08-12 23:00:00+00:00,0.9868323435340414,0.9868323435340414,0.9868323435340414,0.9868323435340414
2025-08-13 00:00:00+00:00,0.9898192071861508,0.9898192071861508,0.9898192071861508,0.9898192071861508
2025-08-13 01:00:00+00:00,0.9966451477505638,0.9966451477505638,0.9966451477505638,0.9966451477505638
2025-08-13 02:00:00+00:00,0.9951547922238265,0.9951547922238265,0.9951547922238265,0.9951547922238265
2025-08-13 03:00:00+00:00,1.0187305156282216,1.0187305156282216,1.0187305156282216,1.0187305156282216
2025-08-13 04:00:00+00:00,1.021612223611918,1.021612223611918,1.021612223611918,1.021612223611918
2025-08-13 05:00:00+00:00,1.02256940920589,1.02256940920589,1.02256940920589,1.02256940920589
2025-08-13 06:00:00+00:00,1.0121738201194117,1.0121738201194117,1.0121738201194117,1.0121738201194117
2025-08-13 07:00:00+00:00,1.015996796834786,1.015996796834786,1.015996796834786,1.015996796834786
2025-08-13 08:00:00+00:00,1.022114040368955,1.022114040368955,1.022114040368955,1.022114040368955
2025-08-13 09:00:00+00:00,1.0393566199900302,1.0393566199900302,1.0393566199900302,1.0393566199900302
2025-08-13 10:00:00+00:00,1.0375680057865866,1.0375680057865866,1.0375680057865866,1.0375680057865866
2025-08-13 11:00:00+00:00,1.0411152412749858,1.0411152412749858,1.0411152412749858,1.0411152412749858
2025-08-13 12:00:00+00:00,1.0399231961698991,1.0399231961698991,1.0399231961698991,1.0399231961698991
2025-08-13 13:00:00+00:00,1.040660144689418,1.040660144689418,1.040660144689418,1.040660144689418
2025-08-13 14:00:00+00:00,1.0376707325576844,1.0376707325576844,1.0376707325576844,1.0376707325576844
2025-08-13 15:00:00+00:00,1.0295386447763697,1.0295386447763697,1.0295386447763697,1.0295386447763697
2025-08-13 16:00:00+00:00,1.0331046084559539,1.0331046084559539,1.0331046084559539,1.0331046084559539
2025-08-13 17:00:00+00:00,1.0333775018606244,1.0333775018606244,1.0333775018606244,1.0333775018606244
2025-08-13 18:00:00+00:00,1.0314374062055924,1.0314374062055924,1.0314374062055924,1.0314374062055924
2025-08-13 19:00:00+00:00,1.0273040867203944,1.0273040867203944,1.0273040867203944,1.0273040867203944
2025-08-13 20:00:00+00:00,1.0416096129444663,1.0416096129444663,1.0416096129444663,1.0416096129444663
2025-08-13 21:00:00+00:00,1.0327214769552318,1.0327214769552318,1.0327214769552318,1.0327214769552318
2025-08-13 22:00:00+00:00,1.0280154619171182,1.0280154619171182,1.0280154619171182,1.0280154619171182
2025-08-13 23:00:00+00:00,1.0366399892084621,1.0366399892084621,1.0366399892084621,1.0366399892084621
2025-08-14 00:00:00+00:00,1.0337564338129965,1.0337564338129965,1.0337564338129965,1.0337564338129965
2025-08-14 01:00:00+00:00,1.0322829521996206,1.0322829521996206,1.0322829521996206,1.0322829521996206
2025-08-14 02:15:00+00:00,1.045764511463654,1.045764511463654,1.045764511463654,1.045764511463654
2025-08-14 03:00:00+00:00,1.0636475810540538,1.0636475810540538,1.0636475810540538,1.0636475810540538
2025-08-14 03:15:00+00:00,1.06029189047126,1.06029189047126,1.06029189047126,1.06029189047126
2025-08-14 04:00:00+00:00,1.061839178148876,1.061839178148876,1.061839178148876,1.061839178148876
2025-08-14 05:00:00+00:00,1.0599400272876804,1.0599400272876804,1.0599400272876804,1.0599400272876804
2025-08-14 06:00:00+00:00,1.04448245692303,1.04448245692303,1.04448245692303,1.04448245692303
2025-08-14 07:00:00+00:00,1.0337147209902215,1.0337147209902215,1.0337147209902215,1.0337147209902215
2025-08-14 08:00:00+00:00,1.0214344038927468,1.0214344038927468,1.0214344038927468,1.0214344038927468
2025-08-14 09:00:00+00:00,1.006572663146046,1.006572663146046,1.006572663146046,1.006572663146046
2025-08-14 10:00:00+00:00,1.0211256050735242,1.0211256050735242,1.0211256050735242,1.0211256050735242
2025-08-14 11:00:00+00:00,1.0057262100310764,1.0057262100310764,1.0057262100310764,1.0057262100310764
2025-08-14 12:00:00+00:00,1.0090938107478724,1.0090938107478724,1.0090938107478724,1.0090938107478724
2025-08-14 13:00:00+00:00,0.9500479659862182,0.9500479659862182,0.9500479659862182,0.9500479659862182
2025-08-14 14:00:00+00:00,0.9526505493155256,0.9526505493155256,0.9526505493155256,0.9526505493155256
2025-08-14 15:00:00+00:00,0.954662147134489,0.954662147134489,0.954662147134489,0.954662147134489
2025-08-14 16:00:00+00:00,0.9410444973454035,0.9410444973454035,0.9410444973454035,0.9410444973454035
2025-08-14 17:00:00+00:00,0.9228551057933629,0.9228551057933629,0.9228551057933629,0.9228551057933629
2025-08-14 18:00:00+00:00,0.9199459024205873,0.9199459024205873,0.9199459024205873,0.9199459024205873
2025-08-14 19:00:00+00:00,0.9195171499837538,0.9195171499837538,0.9195171499837538,0.9195171499837538
2025-08-14 20:00:00+00:00,0.9213183626754012,0.9213183626754012,0.9213183626754012,0.9213183626754012
2025-08-14 21:00:00+00:00,0.9178149133989979,0.9178149133989979,0.9178149133989979,0.9178149133989979
2025-08-14 22:00:00+00:00,0.9080150860790948,0.9080150860790948,0.9080150860790948,0.9080150860790948
2025-08-14 23:00:00+00:00,0.9131593570400657,0.9131593570400657,0.9131593570400657,0.9131593570400657
2025-08-15 00:00:00+00:00,0.9193929062677291,0.9193929062677291,0.9193929062677291,0.9193929062677291
2025-08-15 01:00:00+00:00,0.92467924373537,0.92467924373537,0.92467924373537,0.92467924373537
2025-08-15 02:00:00+00:00,0.939523463567658,0.939523463567658,0.939523463567658,0.939523463567658
2025-08-15 03:00:00+00:00,0.9340608915353098,0.9340608915353098,0.9340608915353098,0.9340608915353098
2025-08-15 04:00:00+00:00,0.9388736105483738,0.9388736105483738,0.9388736105483738,0.9388736105483738
2025-08-15 05:00:00+00:00,0.9350357729249887,0.9350357729249887,0.9350357729249887,0.9350357729249887
2025-08-15 06:00:00+00:00,0.9325444860238585,0.9325444860238585,0.9325444860238585,0.9325444860238585
2025-08-15 07:00:00+00:00,0.9344859889399593,0.9344859889399593,0.9344859889399593,0.9344859889399593
2025-08-15 08:00:00+00:00,0.9339948728469903,0.9339948728469903,0.9339948728469903,0.9339948728469903
2025-08-15 09:00:00+00:00,0.932731666784948,0.932731666784948,0.932731666784948,0.932731666784948
2025-08-15 10:00:00+00:00,0.9215692029716641,0.9215692029716641,0.9215692029716641,0.9215692029716641
2025-08-15 11:00:00+00:00,0.9225856564603551,0.9225856564603551,0.9225856564603551,0.9225856564603551
2025-08-15 12:00:00+00:00,0.9203987703951805,0.9203987703951805,0.9203987703951805,0.9203987703951805
2025-08-15 13:00:00+00:00,0.9176739715865853,0.9176739715865853,0.9176739715865853,0.9176739715865853
2025-08-15 14:00:00+00:00,0.9074094849140211,0.9074094849140211,0.9074094849140211,0.9074094849140211
2025-08-15 15:00:00+00:00,0.8896989528531188,0.8896989528531188,0.8896989528531188,0.8896989528531188
2025-08-15 16:00:00+00:00,0.8625121256545882,0.8625121256545882,0.8625121256545882,0.8625121256545882
2025-08-15 17:00:00+00:00,0.8683502702021093,0.8683502702021093,0.8683502702021093,0.8683502702021093
2025-08-15 18:00:00+00:00,0.8782216938902763,0.8782216938902763,0.8782216938902763,0.8782216938902763
2025-08-15 19:00:00+00:00,0.8659524797297116,0.8659524797297116,0.8659524797297116,0.8659524797297116
2025-08-15 20:00:00+00:00,0.8656640733579947,0.8656640733579947,0.8656640733579947,0.8656640733579947
2025-08-15 21:00:00+00:00,0.8660569919174772,0.8660569919174772,0.8660569919174772,0.8660569919174772
2025-08-15 22:00:00+00:00,0.8784374152487213,0.8784374152487213,0.8784374152487213,0.8784374152487213
2025-08-15 23:00:00+00:00,0.8856342740705785,0.8856342740705785,0.8856342740705785,0.8856342740705785
2025-08-16 00:00:00+00:00,0.872891172846378,0.872891172846378,0.872891172846378,0.872891172846378
2025-08-16 01:00:00+00:00,0.8835188894421103,0.8835188894421103,0.8835188894421103,0.8835188894421103
2025-08-16 02:00:00+00:00,0.8797311704952503,0.8797311704952503,0.8797311704952503,0.8797311704952503
2025-08-16 03:00:00+00:00,0.8813871452007528,0.8813871452007528,0.8813871452007528,0.8813871452007528
2025-08-16 04:00:00+00:00,0.8807603642465391,0.8807603642465391,0.8807603642465391,0.8807603642465391
2025-08-16 05:00:00+00:00,0.8862049966129922,0.8862049966129922,0.8862049966129922,0.8862049966129922
2025-08-16 06:00:00+00:00,0.8798136770770986,0.8798136770770986,0.8798136770770986,0.8798136770770986
2025-08-16 07:00:00+00:00,0.8793707192296273,0.8793707192296273,0.8793707192296273,0.8793707192296273
2025-08-16 08:00:00+00:00,0.8801378747841754,0.8801378747841754,0.8801378747841754,0.8801378747841754
2025-08-16 09:00:00+00:00,0.8799811920118138,0.8799811920118138,0.8799811920118138,0.8799811920118138
2025-08-16 10:00:00+00:00,0.879419877681335,0.879419877681335,0.879419877681335,0.879419877681335
2025-08-16 11:00:00+00:00,0.8789351811444409,0.8789351811444409,0.8789351811444409,0.8789351811444409
2025-08-16 12:00:00+00:00,0.8650013581926337,0.8650013581926337,0.8650013581926337,0.8650013581926337
2025-08-16 13:00:00+00:00,0.8737291730721644,0.8737291730721644,0.8737291730721644,0.8737291730721644
2025-08-16 14:00:00+00:00,0.8728735331519315,0.8728735331519315,0.8728735331519315,0.8728735331519315
2025-08-16 15:00:00+00:00,0.8832153083017991,0.8832153083017991,0.8832153083017991,0.8832153083017991
2025-08-16 16:00:00+00:00,0.8816267911709905,0.8816267911709905,0.8816267911709905,0.8816267911709905
2025-08-16 17:00:00+00:00,0.8835090293313131,0.8835090293313131,0.8835090293313131,0.8835090293313131
2025-08-16 18:00:00+00:00,0.8776453000617768,0.8776453000617768,0.8776453000617768,0.8776453000617768
2025-08-16 19:00:00+00:00,0.8794938882293412,0.8794938882293412,0.8794938882293412,0.8794938882293412
2025-08-16 20:00:00+00:00,0.8804926441399888,0.8804926441399888,0.8804926441399888,0.8804926441399888
2025-08-16 21:00:00+00:00,0.884570125531609,0.884570125531609,0.884570125531609,0.884570125531609
2025-08-16 22:00:00+00:00,0.8797182331568535,0.8797182331568535,0.8797182331568535,0.8797182331568535
2025-08-16 23:00:00+00:00,0.887486883919778,0.887486883919778,0.887486883919778,0.887486883919778
2025-08-17 00:00:00+00:00,0.8846230644732507,0.8846230644732507,0.8846230644732507,0.8846230644732507
2025-08-17 01:00:00+00:00,0.8796564772522469,0.8796564772522469,0.8796564772522469,0.8796564772522469
2025-08-17 02:00:00+00:00,0.8812068115380339,0.8812068115380339,0.8812068115380339,0.8812068115380339
2025-08-17 03:00:00+00:00,0.8865426972917505,0.8865426972917505,0.8865426972917505,0.8865426972917505
2025-08-17 04:00:00+00:00,0.8884371062713956,0.8884371062713956,0.8884371062713956,0.8884371062713956
2025-08-17 05:00:00+00:00,0.8953054045566428,0.8953054045566428,0.8953054045566428,0.8953054045566428
2025-08-17 06:00:00+00:00,0.8904490662526573,0.8904490662526573,0.8904490662526573,0.8904490662526573
2025-08-17 07:00:00+00:00,0.8874922875006841,0.8874922875006841,0.8874922875006841,0.8874922875006841
2025-08-17 08:00:00+00:00,0.8934854763099215,0.8934854763099215,0.8934854763099215,0.8934854763099215
2025-08-17 09:00:00+00:00,0.8951527944792113,0.8951527944792113,0.8951527944792113,0.8951527944792113
2025-08-17 10:00:00+00:00,0.8983529663221976,0.8983529663221976,0.8983529663221976,0.8983529663221976
2025-08-17 11:00:00+00:00,0.898466431299558,0.898466431299558,0.898466431299558,0.898466431299558
2025-08-17 12:00:00+00:00,0.9080467039932851,0.9080467039932851,0.9080467039932851,0.9080467039932851
2025-08-17 13:00:00+00:00,0.9072972216746046,0.9072972216746046,0.9072972216746046,0.9072972216746046
2025-08-17 14:00:00+00:00,0.9146952317257065,0.9146952317257065,0.9146952317257065,0.9146952317257065
2025-08-17 15:00:00+00:00,0.9243378300900407,0.9243378300900407,0.9243378300900407,0.9243378300900407
2025-08-17 16:00:00+00:00,0.9381778476965688,0.9381778476965688,0.9381778476965688,0.9381778476965688
2025-08-17 17:00:00+00:00,0.9371483707877136,0.9371483707877136,0.9371483707877136,0.9371483707877136
2025-08-17 18:00:00+00:00,0.9374244836510853,0.9374244836510853,0.9374244836510853,0.9374244836510853
2025-08-17 19:00:00+00:00,0.9255098482987322,0.9255098482987322,0.9255098482987322,0.9255098482987322
2025-08-17 20:00:00+00:00,0.913589660242806,0.913589660242806,0.913589660242806,0.913589660242806
2025-08-17 21:00:00+00:00,0.9172085707533106,0.9172085707533106,0.9172085707533106,0.9172085707533106
2025-08-17 22:00:00+00:00,0.9155003100992187,0.9155003100992187,0.9155003100992187,0.9155003100992187
2025-08-17 23:00:00+00:00,0.9332998643268314,0.9332998643268314,0.9332998643268314,0.9332998643268314
2025-08-18 00:00:00+00:00,0.9150667544842527,0.9150667544842527,0.9150667544842527,0.9150667544842527
2025-08-18 01:00:00+00:00,0.9111460027197437,0.9111460027197437,0.9111460027197437,0.9111460027197437
2025-08-18 02:00:00+00:00,0.8963270753594536,0.8963270753594536,0.8963270753594536,0.8963270753594536
2025-08-18 03:00:00+00:00,0.8741336370626939,0.8741336370626939,0.8741336370626939,0.8741336370626939
2025-08-18 04:00:00+00:00,0.8735585172733148,0.8735585172733148,0.8735585172733148,0.8735585172733148
2025-08-18 05:00:00+00:00,0.882447925750526,0.882447925750526,0.882447925750526,0.882447925750526
2025-08-18 06:00:00+00:00,0.8789770865523742,0.8789770865523742,0.8789770865523742,0.8789770865523742
2025-08-18 07:00:00+00:00,0.8675818659668046,0.8675818659668046,0.8675818659668046,0.8675818659668046
2025-08-18 08:00:00+00:00,0.8657368945023213,0.8657368945023213,0.8657368945023213,0.8657368945023213
2025-08-18 09:00:00+00:00,0.85842198186518,0.85842198186518,0.85842198186518,0.85842198186518
2025-08-18 10:00:00+00:00,0.8721963109133998,0.8721963109133998,0.8721963109133998,0.8721963109133998
2025-08-18 11:00:00+00:00,0.8665354610708957,0.8665354610708957,0.8665354610708957,0.8665354610708957
2025-08-18 12:00:00+00:00,0.872813609448421,0.872813609448421,0.872813609448421,0.872813609448421
2025-08-18 13:00:00+00:00,0.8815124056732274,0.8815124056732274,0.8815124056732274,0.8815124056732274
2025-08-18 14:00:00+00:00,0.865988187531839,0.865988187531839,0.865988187531839,0.865988187531839
2025-08-18 15:00:00+00:00,0.8702377153818498,0.8702377153818498,0.8702377153818498,0.8702377153818498
2025-08-18 16:00:00+00:00,0.8746680603196676,0.8746680603196676,0.8746680603196676,0.8746680603196676
2025-08-18 17:00:00+00:00,0.8648123986082791,0.8648123986082791,0.8648123986082791,0.8648123986082791
2025-08-18 18:00:00+00:00,0.8787034999816614,0.8787034999816614,0.8787034999816614,0.8787034999816614
2025-08-18 19:00:00+00:00,0.8779692441741208,0.8779692441741208,0.8779692441741208,0.8779692441741208
2025-08-18 20:00:00+00:00,0.8780825622784398,0.8780825622784398,0.8780825622784398,0.8780825622784398
2025-08-18 21:00:00+00:00,0.8764946524765583,0.8764946524765583,0.8764946524765583,0.8764946524765583
2025-08-18 22:00:00+00:00,0.8809501924259084,0.8809501924259084,0.8809501924259084,0.8809501924259084
2025-08-18 23:00:00+00:00,0.8755003412214714,0.8755003412214714,0.8755003412214714,0.8755003412214714
2025-08-19 00:00:00+00:00,0.8707884316200094,0.8707884316200094,0.8707884316200094,0.8707884316200094
2025-08-19 01:00:00+00:00,0.8795200352759669,0.8795200352759669,0.8795200352759669,0.8795200352759669
2025-08-19 02:00:00+00:00,0.868307453109529,0.868307453109529,0.868307453109529,0.868307453109529
2025-08-19 03:00:00+00:00,0.8647983321225393,0.8647983321225393,0.8647983321225393,0.8647983321225393
2025-08-19 04:00:00+00:00,0.8438756655741121,0.8438756655741121,0.8438756655741121,0.8438756655741121
2025-08-19 05:00:00+00:00,0.8503403076588084,0.8503403076588084,0.8503403076588084,0.8503403076588084
2025-08-19 06:00:00+00:00,0.8507765722896042,0.8507765722896042,0.8507765722896042,0.8507765722896042
2025-08-19 07:00:00+00:00,0.8482818703178917,0.8482818703178917,0.8482818703178917,0.8482818703178917
2025-08-19 08:00:00+00:00,0.8459930085399879,0.8459930085399879,0.8459930085399879,0.8459930085399879
2025-08-19 09:00:00+00:00,0.8538108608025794,0.8538108608025794,0.8538108608025794,0.8538108608025794
2025-08-19 10:00:00+00:00,0.861297142424763,0.861297142424763,0.861297142424763,0.861297142424763
2025-08-19 11:00:00+00:00,0.8642149870095909,0.8642149870095909,0.8642149870095909,0.8642149870095909
2025-08-19 12:00:00+00:00,0.868236674159238,0.868236674159238,0.868236674159238,0.868236674159238
2025-08-19 13:00:00+00:00,0.8639351384292224,0.8639351384292224,0.8639351384292224,0.8639351384292224
2025-08-19 14:00:00+00:00,0.854511052571152,0.854511052571152,0.854511052571152,0.854511052571152
2025-08-19 15:00:00+00:00,0.8340200380968805,0.8340200380968805,0.8340200380968805,0.8340200380968805
2025-08-19 16:00:00+00:00,0.8348500948986377,0.8348500948986377,0.8348500948986377,0.8348500948986377
2025-08-19 17:00:00+00:00,0.8324235032136962,0.8324235032136962,0.8324235032136962,0.8324235032136962
2025-08-19 18:00:00+00:00,0.8336278758328663,0.8336278758328663,0.8336278758328663,0.8336278758328663
2025-08-19 19:00:00+00:00,0.8231071820864884,0.8231071820864884,0.8231071820864884,0.8231071820864884
2025-08-19 20:00:00+00:00,0.8268701596619381,0.8268701596619381,0.8268701596619381,0.8268701596619381
2025-08-19 21:00:00+00:00,0.8343094284535073,0.8343094284535073,0.8343094284535073,0.8343094284535073
2025-08-19 22:00:00+00:00,0.8351001722461199,0.8351001722461199,0.8351001722461199,0.8351001722461199
2025-08-19 23:00:00+00:00,0.8345209351253944,0.8345209351253944,0.8345209351253944,0.8345209351253944
2025-08-20 00:00:00+00:00,0.8256322089063486,0.8256322089063486,0.8256322089063486,0.8256322089063486
2025-08-20 01:00:00+00:00,0.8353053319413181,0.8353053319413181,0.8353053319413181,0.8353053319413181
2025-08-20 02:00:00+00:00,0.8310935369268974,0.8310935369268974,0.8310935369268974,0.8310935369268974
2025-08-20 03:00:00+00:00,0.8328430956524606,0.8328430956524606,0.8328430956524606,0.8328430956524606
2025-08-20 04:00:00+00:00,0.8326364440369832,0.8326364440369832,0.8326364440369832,0.8326364440369832
2025-08-20 05:00:00+00:00,0.8367028889615243,0.8367028889615243,0.8367028889615243,0.8367028889615243
2025-08-20 06:00:00+00:00,0.8322335222800441,0.8322335222800441,0.8322335222800441,0.8322335222800441
2025-08-20 07:00:00+00:00,0.830615253611572,0.830615253611572,0.830615253611572,0.830615253611572
2025-08-20 08:00:00+00:00,0.8291230250324556,0.8291230250324556,0.8291230250324556,0.8291230250324556
2025-08-20 09:00:00+00:00,0.8416856266040679,0.8416856266040679,0.8416856266040679,0.8416856266040679
2025-08-20 10:00:00+00:00,0.8421563021091845,0.8421563021091845,0.8421563021091845,0.8421563021091845
2025-08-20 11:00:00+00:00,0.8414631646774763,0.8414631646774763,0.8414631646774763,0.8414631646774763
2025-08-20 12:00:00+00:00,0.8319326287528791,0.8319326287528791,0.8319326287528791,0.8319326287528791
2025-08-20 13:00:00+00:00,0.8368192077210987,0.8368192077210987,0.8368192077210987,0.8368192077210987
2025-08-20 14:00:00+00:00,0.8185428588703825,0.8185428588703825,0.8185428588703825,0.8185428588703825
2025-08-20 15:00:00+00:00,0.8404892682032007,0.8404892682032007,0.8404892682032007,0.8404892682032007
2025-08-20 16:00:00+00:00,0.854241622990088,0.854241622990088,0.854241622990088,0.854241622990088
2025-08-20 17:00:00+00:00,0.8642976032587613,0.8642976032587613,0.8642976032587613,0.8642976032587613
2025-08-20 18:00:00+00:00,0.867122559010999,0.867122559010999,0.867122559010999,0.867122559010999
2025-08-20 19:00:00+00:00,0.8576616641161455,0.8576616641161455,0.8576616641161455,0.8576616641161455
2025-08-20 20:00:00+00:00,0.8722285110086422,0.8722285110086422,0.8722285110086422,0.8722285110086422
2025-08-20 21:00:00+00:00,0.8723827019674057,0.8723827019674057,0.8723827019674057,0.8723827019674057
2025-08-20 22:00:00+00:00,0.8741876582194593,0.8741876582194593,0.8741876582194593,0.8741876582194593
2025-08-20 23:00:00+00:00,0.8741485255447722,0.8741485255447722,0.8741485255447722,0.8741485255447722
2025-08-21 00:00:00+00:00,0.8699358380833688,0.8699358380833688,0.8699358380833688,0.8699358380833688
2025-08-21 01:00:00+00:00,0.8725784238875821,0.8725784238875821,0.8725784238875821,0.8725784238875821
2025-08-21 02:00:00+00:00,0.8766153797845184,0.8766153797845184,0.8766153797845184,0.8766153797845184
2025-08-21 03:00:00+00:00,0.8651502712662662,0.8651502712662662,0.8651502712662662,0.8651502712662662
2025-08-21 04:00:00+00:00,0.8741099957328118,0.8741099957328118,0.8741099957328118,0.8741099957328118
2025-08-21 05:00:00+00:00,0.8743503108974616,0.8743503108974616,0.8743503108974616,0.8743503108974616
2025-08-21 06:00:00+00:00,0.8757650970275925,0.8757650970275925,0.8757650970275925,0.8757650970275925
2025-08-21 07:00:00+00:00,0.8691393890715343,0.8691393890715343,0.8691393890715343,0.8691393890715343
2025-08-21 08:00:00+00:00,0.8686749001020843,0.8686749001020843,0.8686749001020843,0.8686749001020843
2025-08-21 09:00:00+00:00,0.8617079448017039,0.8617079448017039,0.8617079448017039,0.8617079448017039
2025-08-21 10:00:00+00:00,0.8562298820797073,0.8562298820797073,0.8562298820797073,0.8562298820797073
2025-08-21 11:00:00+00:00,0.8527659237949737,0.8527659237949737,0.8527659237949737,0.8527659237949737
2025-08-21 12:00:00+00:00,0.852300502191222,0.852300502191222,0.852300502191222,0.852300502191222
2025-08-21 13:00:00+00:00,0.8486962287183191,0.8486962287183191,0.8486962287183191,0.8486962287183191
2025-08-21 14:00:00+00:00,0.8544896491721073,0.8544896491721073,0.8544896491721073,0.8544896491721073
2025-08-21 15:00:00+00:00,0.8485890609057515,0.8485890609057515,0.8485890609057515,0.8485890609057515
2025-08-21 16:00:00+00:00,0.8376360046353049,0.8376360046353049,0.8376360046353049,0.8376360046353049
2025-08-21 17:00:00+00:00,0.83543059050048,0.83543059050048,0.83543059050048,0.83543059050048
2025-08-21 18:00:00+00:00,0.8413534833860352,0.8413534833860352,0.8413534833860352,0.8413534833860352
2025-08-21 19:00:00+00:00,0.8515331969301627,0.8515331969301627,0.8515331969301627,0.8515331969301627
2025-08-21 20:00:00+00:00,0.8441993296352495,0.8441993296352495,0.8441993296352495,0.8441993296352495
2025-08-21 21:00:00+00:00,0.8458411732108945,0.8458411732108945,0.8458411732108945,0.8458411732108945
2025-08-21 22:00:00+00:00,0.8514277645623923,0.8514277645623923,0.8514277645623923,0.8514277645623923
2025-08-21 23:00:00+00:00,0.851776638695985,0.851776638695985,0.851776638695985,0.851776638695985
2025-08-22 00:00:00+00:00,0.8493417840473837,0.8493417840473837,0.8493417840473837,0.8493417840473837
2025-08-22 01:00:00+00:00,0.8493124869654675,0.8493124869654675,0.8493124869654675,0.8493124869654675
2025-08-22 02:00:00+00:00,0.8521483676788018,0.8521483676788018,0.8521483676788018,0.8521483676788018
2025-08-22 02:15:00+00:00,0.8591182608526443,0.8591182608526443,0.8591182608526443,0.8591182608526443
